1;Ordean;Anamaria;anamaria_ordean
2;Oprean;Dan;thedanoprean
3;Oprean;Cristian;cristi_oprean
4;Muntean;Dorina;dorina_muntean
5;Oprean;Maria;maria.oprean
6;Marginean;Andreea;deea307
7;Paucean;Ioana;ioana.paucean
8;Roman;Paul;thepaulroman
9;Pasca;Ana;ana_pasca
10;Zanca;Robert;robert_zanca
